Time Window,Device Index,压力传感器异常,发动机维修,变速箱异常,排气系统维修,故障码异常,水温异常
一周内,0,0.3257495164871216,0.3040667474269867,0.20667845010757446,0.3322824537754059,0.21816286444664001,0.31829503178596497
两周内,0,0.3257495164871216,0.3040667474269867,0.20667845010757446,0.3322824537754059,0.21816286444664001,0.31829503178596497
三周内,0,0.3257495164871216,0.3040667474269867,0.20667845010757446,0.3322824537754059,0.21816286444664001,0.31829503178596497
四周内,0,0.3257495164871216,0.3040667474269867,0.20667845010757446,0.3322824537754059,0.21816286444664001,0.31829503178596497
五周内,0,0.3257495164871216,0.3040667474269867,0.20667845010757446,0.3322824537754059,0.21816286444664001,0.31829503178596497
六周内,0,0.3257495164871216,0.3040667474269867,0.20667845010757446,0.3322824537754059,0.21816286444664001,0.31829503178596497
一周内,1,0.2596289813518524,0.2816332280635834,0.3008413016796112,0.3154314160346985,0.2833082675933838,0.3075992166996002
两周内,1,0.2596289813518524,0.2816332280635834,0.3008413016796112,0.3154314160346985,0.2833082675933838,0.3075992166996002
三周内,1,0.2596289813518524,0.2816332280635834,0.3008413016796112,0.3154314160346985,0.2833082675933838,0.3075992166996002
四周内,1,0.2596289813518524,0.2816332280635834,0.3008413016796112,0.3154314160346985,0.2833082675933838,0.3075992166996002
五周内,1,0.2596289813518524,0.2816332280635834,0.3008413016796112,0.3154314160346985,0.2833082675933838,0.3075992166996002
六周内,1,0.2596289813518524,0.2816332280635834,0.3008413016796112,0.3154314160346985,0.2833082675933838,0.3075992166996002
一周内,2,0.295226514339447,0.2916485667228699,0.34440478682518005,0.3675316274166107,0.3093990981578827,0.36610138416290283
两周内,2,0.295226514339447,0.2916485667228699,0.34440478682518005,0.3675316274166107,0.3093990981578827,0.36610138416290283
三周内,2,0.295226514339447,0.2916485667228699,0.34440478682518005,0.3675316274166107,0.3093990981578827,0.36610138416290283
四周内,2,0.295226514339447,0.2916485667228699,0.34440478682518005,0.3675316274166107,0.3093990981578827,0.36610138416290283
五周内,2,0.295226514339447,0.2916485667228699,0.34440478682518005,0.3675316274166107,0.3093990981578827,0.36610138416290283
六周内,2,0.295226514339447,0.2916485667228699,0.34440478682518005,0.3675316274166107,0.3093990981578827,0.36610138416290283
一周内,3,0.17607830464839935,0.17364206910133362,0.1854342669248581,0.2614693343639374,0.15858592092990875,0.30088528990745544
两周内,3,0.17607830464839935,0.17364206910133362,0.1854342669248581,0.2614693343639374,0.15858592092990875,0.30088528990745544
三周内,3,0.17607830464839935,0.17364206910133362,0.1854342669248581,0.2614693343639374,0.15858592092990875,0.30088528990745544
四周内,3,0.17607830464839935,0.17364206910133362,0.1854342669248581,0.2614693343639374,0.15858592092990875,0.30088528990745544
五周内,3,0.17607830464839935,0.17364206910133362,0.1854342669248581,0.2614693343639374,0.15858592092990875,0.30088528990745544
六周内,3,0.17607830464839935,0.17364206910133362,0.1854342669248581,0.2614693343639374,0.15858592092990875,0.30088528990745544
一周内,4,0.41343119740486145,0.3958498537540436,0.3715257942676544,0.33849257230758667,0.3561992645263672,0.43313881754875183
两周内,4,0.41343119740486145,0.3958498537540436,0.3715257942676544,0.33849257230758667,0.3561992645263672,0.43313881754875183
三周内,4,0.41343119740486145,0.3958498537540436,0.3715257942676544,0.33849257230758667,0.3561992645263672,0.43313881754875183
四周内,4,0.41343119740486145,0.3958498537540436,0.3715257942676544,0.33849257230758667,0.3561992645263672,0.43313881754875183
五周内,4,0.41343119740486145,0.3958498537540436,0.3715257942676544,0.33849257230758667,0.3561992645263672,0.43313881754875183
六周内,4,0.41343119740486145,0.3958498537540436,0.3715257942676544,0.33849257230758667,0.3561992645263672,0.43313881754875183
一周内,5,0.2948977053165436,0.3722747266292572,0.39162677526474,0.4056938886642456,0.3501078486442566,0.3732812702655792
两周内,5,0.2948977053165436,0.3722747266292572,0.39162677526474,0.4056938886642456,0.3501078486442566,0.3732812702655792
三周内,5,0.2948977053165436,0.3722747266292572,0.39162677526474,0.4056938886642456,0.3501078486442566,0.3732812702655792
四周内,5,0.2948977053165436,0.3722747266292572,0.39162677526474,0.4056938886642456,0.3501078486442566,0.3732812702655792
五周内,5,0.2948977053165436,0.3722747266292572,0.39162677526474,0.4056938886642456,0.3501078486442566,0.3732812702655792
六周内,5,0.2948977053165436,0.3722747266292572,0.39162677526474,0.4056938886642456,0.3501078486442566,0.3732812702655792
一周内,6,0.21212729811668396,0.20655804872512817,0.24390916526317596,0.2881658375263214,0.17557834088802338,0.2496151328086853
两周内,6,0.21212729811668396,0.20655804872512817,0.24390916526317596,0.2881658375263214,0.17557834088802338,0.2496151328086853
三周内,6,0.21212729811668396,0.20655804872512817,0.24390916526317596,0.2881658375263214,0.17557834088802338,0.2496151328086853
四周内,6,0.21212729811668396,0.20655804872512817,0.24390916526317596,0.2881658375263214,0.17557834088802338,0.2496151328086853
五周内,6,0.21212729811668396,0.20655804872512817,0.24390916526317596,0.2881658375263214,0.17557834088802338,0.2496151328086853
六周内,6,0.21212729811668396,0.20655804872512817,0.24390916526317596,0.2881658375263214,0.17557834088802338,0.2496151328086853
一周内,7,0.23409688472747803,0.2129339575767517,0.23460960388183594,0.30748698115348816,0.20247697830200195,0.29756638407707214
两周内,7,0.23409688472747803,0.2129339575767517,0.23460960388183594,0.30748698115348816,0.20247697830200195,0.29756638407707214
三周内,7,0.23409688472747803,0.2129339575767517,0.23460960388183594,0.30748698115348816,0.20247697830200195,0.29756638407707214
四周内,7,0.23409688472747803,0.2129339575767517,0.23460960388183594,0.30748698115348816,0.20247697830200195,0.29756638407707214
五周内,7,0.23409688472747803,0.2129339575767517,0.23460960388183594,0.30748698115348816,0.20247697830200195,0.29756638407707214
六周内,7,0.23409688472747803,0.2129339575767517,0.23460960388183594,0.30748698115348816,0.20247697830200195,0.29756638407707214
一周内,8,0.2177930325269699,0.3118753731250763,0.32383766770362854,0.2566789388656616,0.25331830978393555,0.3893260657787323
两周内,8,0.2177930325269699,0.3118753731250763,0.32383766770362854,0.2566789388656616,0.25331830978393555,0.3893260657787323
三周内,8,0.2177930325269699,0.3118753731250763,0.32383766770362854,0.2566789388656616,0.25331830978393555,0.3893260657787323
四周内,8,0.2177930325269699,0.3118753731250763,0.32383766770362854,0.2566789388656616,0.25331830978393555,0.3893260657787323
五周内,8,0.2177930325269699,0.3118753731250763,0.32383766770362854,0.2566789388656616,0.25331830978393555,0.3893260657787323
六周内,8,0.2177930325269699,0.3118753731250763,0.32383766770362854,0.2566789388656616,0.25331830978393555,0.3893260657787323
一周内,9,0.3528576195240021,0.24080350995063782,0.27280715107917786,0.37420791387557983,0.23997905850410461,0.3495030403137207
两周内,9,0.3528576195240021,0.24080350995063782,0.27280715107917786,0.37420791387557983,0.23997905850410461,0.3495030403137207
三周内,9,0.3528576195240021,0.24080350995063782,0.27280715107917786,0.37420791387557983,0.23997905850410461,0.3495030403137207
四周内,9,0.3528576195240021,0.24080350995063782,0.27280715107917786,0.37420791387557983,0.23997905850410461,0.3495030403137207
五周内,9,0.3528576195240021,0.24080350995063782,0.27280715107917786,0.37420791387557983,0.23997905850410461,0.3495030403137207
六周内,9,0.3528576195240021,0.24080350995063782,0.27280715107917786,0.37420791387557983,0.23997905850410461,0.3495030403137207
一周内,10,0.24483153223991394,0.2564157247543335,0.20402880012989044,0.2638784646987915,0.16757957637310028,0.3496074676513672
两周内,10,0.24483153223991394,0.2564157247543335,0.20402880012989044,0.2638784646987915,0.16757957637310028,0.3496074676513672
三周内,10,0.24483153223991394,0.2564157247543335,0.20402880012989044,0.2638784646987915,0.16757957637310028,0.3496074676513672
四周内,10,0.24483153223991394,0.2564157247543335,0.20402880012989044,0.2638784646987915,0.16757957637310028,0.3496074676513672
五周内,10,0.24483153223991394,0.2564157247543335,0.20402880012989044,0.2638784646987915,0.16757957637310028,0.3496074676513672
六周内,10,0.24483153223991394,0.2564157247543335,0.20402880012989044,0.2638784646987915,0.16757957637310028,0.3496074676513672
一周内,11,0.3092891275882721,0.26094505190849304,0.37472987174987793,0.32792991399765015,0.31710729002952576,0.39512816071510315
两周内,11,0.3092891275882721,0.26094505190849304,0.37472987174987793,0.32792991399765015,0.31710729002952576,0.39512816071510315
三周内,11,0.3092891275882721,0.26094505190849304,0.37472987174987793,0.32792991399765015,0.31710729002952576,0.39512816071510315
四周内,11,0.3092891275882721,0.26094505190849304,0.37472987174987793,0.32792991399765015,0.31710729002952576,0.39512816071510315
五周内,11,0.3092891275882721,0.26094505190849304,0.37472987174987793,0.32792991399765015,0.31710729002952576,0.39512816071510315
六周内,11,0.3092891275882721,0.26094505190849304,0.37472987174987793,0.32792991399765015,0.31710729002952576,0.39512816071510315
一周内,12,0.23679427802562714,0.22423779964447021,0.29069116711616516,0.22402554750442505,0.2556934952735901,0.3502110540866852
两周内,12,0.23679427802562714,0.22423779964447021,0.29069116711616516,0.22402554750442505,0.2556934952735901,0.3502110540866852
三周内,12,0.23679427802562714,0.22423779964447021,0.29069116711616516,0.22402554750442505,0.2556934952735901,0.3502110540866852
四周内,12,0.23679427802562714,0.22423779964447021,0.29069116711616516,0.22402554750442505,0.2556934952735901,0.3502110540866852
五周内,12,0.23679427802562714,0.22423779964447021,0.29069116711616516,0.22402554750442505,0.2556934952735901,0.3502110540866852
六周内,12,0.23679427802562714,0.22423779964447021,0.29069116711616516,0.22402554750442505,0.2556934952735901,0.3502110540866852
一周内,13,0.29085835814476013,0.2953040599822998,0.29433175921440125,0.4102478325366974,0.3532566726207733,0.30996784567832947
两周内,13,0.29085835814476013,0.2953040599822998,0.29433175921440125,0.4102478325366974,0.3532566726207733,0.30996784567832947
三周内,13,0.29085835814476013,0.2953040599822998,0.29433175921440125,0.4102478325366974,0.3532566726207733,0.30996784567832947
四周内,13,0.29085835814476013,0.2953040599822998,0.29433175921440125,0.4102478325366974,0.3532566726207733,0.30996784567832947
五周内,13,0.29085835814476013,0.2953040599822998,0.29433175921440125,0.4102478325366974,0.3532566726207733,0.30996784567832947
六周内,13,0.29085835814476013,0.2953040599822998,0.29433175921440125,0.4102478325366974,0.3532566726207733,0.30996784567832947
一周内,14,0.3697085976600647,0.3462632894515991,0.24223069846630096,0.317332923412323,0.2446332722902298,0.3222600519657135
两周内,14,0.3697085976600647,0.3462632894515991,0.24223069846630096,0.317332923412323,0.2446332722902298,0.3222600519657135
三周内,14,0.3697085976600647,0.3462632894515991,0.24223069846630096,0.317332923412323,0.2446332722902298,0.3222600519657135
四周内,14,0.3697085976600647,0.3462632894515991,0.24223069846630096,0.317332923412323,0.2446332722902298,0.3222600519657135
五周内,14,0.3697085976600647,0.3462632894515991,0.24223069846630096,0.317332923412323,0.2446332722902298,0.3222600519657135
六周内,14,0.3697085976600647,0.3462632894515991,0.24223069846630096,0.317332923412323,0.2446332722902298,0.3222600519657135
一周内,15,0.3502306044101715,0.3457564413547516,0.36990976333618164,0.30658838152885437,0.2708638310432434,0.3541495203971863
两周内,15,0.3502306044101715,0.3457564413547516,0.36990976333618164,0.30658838152885437,0.2708638310432434,0.3541495203971863
三周内,15,0.3502306044101715,0.3457564413547516,0.36990976333618164,0.30658838152885437,0.2708638310432434,0.3541495203971863
四周内,15,0.3502306044101715,0.3457564413547516,0.36990976333618164,0.30658838152885437,0.2708638310432434,0.3541495203971863
五周内,15,0.3502306044101715,0.3457564413547516,0.36990976333618164,0.30658838152885437,0.2708638310432434,0.3541495203971863
六周内,15,0.3502306044101715,0.3457564413547516,0.36990976333618164,0.30658838152885437,0.2708638310432434,0.3541495203971863
一周内,16,0.28137654066085815,0.28768137097358704,0.3376566469669342,0.3404638171195984,0.19104987382888794,0.37958231568336487
两周内,16,0.28137654066085815,0.28768137097358704,0.3376566469669342,0.3404638171195984,0.19104987382888794,0.37958231568336487
三周内,16,0.28137654066085815,0.28768137097358704,0.3376566469669342,0.3404638171195984,0.19104987382888794,0.37958231568336487
四周内,16,0.28137654066085815,0.28768137097358704,0.3376566469669342,0.3404638171195984,0.19104987382888794,0.37958231568336487
五周内,16,0.28137654066085815,0.28768137097358704,0.3376566469669342,0.3404638171195984,0.19104987382888794,0.37958231568336487
六周内,16,0.28137654066085815,0.28768137097358704,0.3376566469669342,0.3404638171195984,0.19104987382888794,0.37958231568336487
一周内,17,0.37950682640075684,0.31756123900413513,0.28851446509361267,0.30633479356765747,0.2548474073410034,0.35105717182159424
两周内,17,0.37950682640075684,0.31756123900413513,0.28851446509361267,0.30633479356765747,0.2548474073410034,0.35105717182159424
三周内,17,0.37950682640075684,0.31756123900413513,0.28851446509361267,0.30633479356765747,0.2548474073410034,0.35105717182159424
四周内,17,0.37950682640075684,0.31756123900413513,0.28851446509361267,0.30633479356765747,0.2548474073410034,0.35105717182159424
五周内,17,0.37950682640075684,0.31756123900413513,0.28851446509361267,0.30633479356765747,0.2548474073410034,0.35105717182159424
六周内,17,0.37950682640075684,0.31756123900413513,0.28851446509361267,0.30633479356765747,0.2548474073410034,0.35105717182159424
一周内,18,0.2898220717906952,0.30659762024879456,0.17887760698795319,0.3019087016582489,0.19555822014808655,0.3249770402908325
两周内,18,0.2898220717906952,0.30659762024879456,0.17887760698795319,0.3019087016582489,0.19555822014808655,0.3249770402908325
三周内,18,0.2898220717906952,0.30659762024879456,0.17887760698795319,0.3019087016582489,0.19555822014808655,0.3249770402908325
四周内,18,0.2898220717906952,0.30659762024879456,0.17887760698795319,0.3019087016582489,0.19555822014808655,0.3249770402908325
五周内,18,0.2898220717906952,0.30659762024879456,0.17887760698795319,0.3019087016582489,0.19555822014808655,0.3249770402908325
六周内,18,0.2898220717906952,0.30659762024879456,0.17887760698795319,0.3019087016582489,0.19555822014808655,0.3249770402908325
一周内,19,0.1990804225206375,0.2509306073188782,0.28555750846862793,0.30657628178596497,0.21627391874790192,0.2951728105545044
两周内,19,0.1990804225206375,0.2509306073188782,0.28555750846862793,0.30657628178596497,0.21627391874790192,0.2951728105545044
三周内,19,0.1990804225206375,0.2509306073188782,0.28555750846862793,0.30657628178596497,0.21627391874790192,0.2951728105545044
四周内,19,0.1990804225206375,0.2509306073188782,0.28555750846862793,0.30657628178596497,0.21627391874790192,0.2951728105545044
五周内,19,0.1990804225206375,0.2509306073188782,0.28555750846862793,0.30657628178596497,0.21627391874790192,0.2951728105545044
六周内,19,0.1990804225206375,0.2509306073188782,0.28555750846862793,0.30657628178596497,0.21627391874790192,0.2951728105545044
一周内,20,0.23706506192684174,0.3754751682281494,0.34248486161231995,0.3199516534805298,0.3004416525363922,0.3317323923110962
两周内,20,0.23706506192684174,0.3754751682281494,0.34248486161231995,0.3199516534805298,0.3004416525363922,0.3317323923110962
三周内,20,0.23706506192684174,0.3754751682281494,0.34248486161231995,0.3199516534805298,0.3004416525363922,0.3317323923110962
四周内,20,0.23706506192684174,0.3754751682281494,0.34248486161231995,0.3199516534805298,0.3004416525363922,0.3317323923110962
五周内,20,0.23706506192684174,0.3754751682281494,0.34248486161231995,0.3199516534805298,0.3004416525363922,0.3317323923110962
六周内,20,0.23706506192684174,0.3754751682281494,0.34248486161231995,0.3199516534805298,0.3004416525363922,0.3317323923110962
一周内,21,0.38830453157424927,0.386679470539093,0.2530927360057831,0.30131614208221436,0.3065362870693207,0.43647506833076477
两周内,21,0.38830453157424927,0.386679470539093,0.2530927360057831,0.30131614208221436,0.3065362870693207,0.43647506833076477
三周内,21,0.38830453157424927,0.386679470539093,0.2530927360057831,0.30131614208221436,0.3065362870693207,0.43647506833076477
四周内,21,0.38830453157424927,0.386679470539093,0.2530927360057831,0.30131614208221436,0.3065362870693207,0.43647506833076477
五周内,21,0.38830453157424927,0.386679470539093,0.2530927360057831,0.30131614208221436,0.3065362870693207,0.43647506833076477
六周内,21,0.38830453157424927,0.386679470539093,0.2530927360057831,0.30131614208221436,0.3065362870693207,0.43647506833076477
一周内,22,0.2644924223423004,0.28434574604034424,0.25578659772872925,0.29343003034591675,0.18424461781978607,0.3351886570453644
两周内,22,0.2644924223423004,0.28434574604034424,0.25578659772872925,0.29343003034591675,0.18424461781978607,0.3351886570453644
三周内,22,0.2644924223423004,0.28434574604034424,0.25578659772872925,0.29343003034591675,0.18424461781978607,0.3351886570453644
四周内,22,0.2644924223423004,0.28434574604034424,0.25578659772872925,0.29343003034591675,0.18424461781978607,0.3351886570453644
五周内,22,0.2644924223423004,0.28434574604034424,0.25578659772872925,0.29343003034591675,0.18424461781978607,0.3351886570453644
六周内,22,0.2644924223423004,0.28434574604034424,0.25578659772872925,0.29343003034591675,0.18424461781978607,0.3351886570453644
一周内,23,0.24717850983142853,0.3200276792049408,0.2710748016834259,0.30250510573387146,0.24605444073677063,0.3065870404243469
两周内,23,0.24717850983142853,0.3200276792049408,0.2710748016834259,0.30250510573387146,0.24605444073677063,0.3065870404243469
三周内,23,0.24717850983142853,0.3200276792049408,0.2710748016834259,0.30250510573387146,0.24605444073677063,0.3065870404243469
四周内,23,0.24717850983142853,0.3200276792049408,0.2710748016834259,0.30250510573387146,0.24605444073677063,0.3065870404243469
五周内,23,0.24717850983142853,0.3200276792049408,0.2710748016834259,0.30250510573387146,0.24605444073677063,0.3065870404243469
六周内,23,0.24717850983142853,0.3200276792049408,0.2710748016834259,0.30250510573387146,0.24605444073677063,0.3065870404243469
一周内,24,0.24449631571769714,0.32831278443336487,0.30065974593162537,0.23343956470489502,0.23004929721355438,0.38835155963897705
两周内,24,0.24449631571769714,0.32831278443336487,0.30065974593162537,0.23343956470489502,0.23004929721355438,0.38835155963897705
三周内,24,0.24449631571769714,0.32831278443336487,0.30065974593162537,0.23343956470489502,0.23004929721355438,0.38835155963897705
四周内,24,0.24449631571769714,0.32831278443336487,0.30065974593162537,0.23343956470489502,0.23004929721355438,0.38835155963897705
五周内,24,0.24449631571769714,0.32831278443336487,0.30065974593162537,0.23343956470489502,0.23004929721355438,0.38835155963897705
六周内,24,0.24449631571769714,0.32831278443336487,0.30065974593162537,0.23343956470489502,0.23004929721355438,0.38835155963897705
一周内,25,0.28509047627449036,0.23778864741325378,0.1992224156856537,0.2621893882751465,0.2050044685602188,0.36705639958381653
两周内,25,0.28509047627449036,0.23778864741325378,0.1992224156856537,0.2621893882751465,0.2050044685602188,0.36705639958381653
三周内,25,0.28509047627449036,0.23778864741325378,0.1992224156856537,0.2621893882751465,0.2050044685602188,0.36705639958381653
四周内,25,0.28509047627449036,0.23778864741325378,0.1992224156856537,0.2621893882751465,0.2050044685602188,0.36705639958381653
五周内,25,0.28509047627449036,0.23778864741325378,0.1992224156856537,0.2621893882751465,0.2050044685602188,0.36705639958381653
六周内,25,0.28509047627449036,0.23778864741325378,0.1992224156856537,0.2621893882751465,0.2050044685602188,0.36705639958381653
一周内,26,0.25960493087768555,0.36437222361564636,0.35738781094551086,0.4041677415370941,0.31171825528144836,0.3559538424015045
两周内,26,0.25960493087768555,0.36437222361564636,0.35738781094551086,0.4041677415370941,0.31171825528144836,0.3559538424015045
三周内,26,0.25960493087768555,0.36437222361564636,0.35738781094551086,0.4041677415370941,0.31171825528144836,0.3559538424015045
四周内,26,0.25960493087768555,0.36437222361564636,0.35738781094551086,0.4041677415370941,0.31171825528144836,0.3559538424015045
五周内,26,0.25960493087768555,0.36437222361564636,0.35738781094551086,0.4041677415370941,0.31171825528144836,0.3559538424015045
六周内,26,0.25960493087768555,0.36437222361564636,0.35738781094551086,0.4041677415370941,0.31171825528144836,0.3559538424015045
一周内,27,0.32138824462890625,0.38857048749923706,0.3355998396873474,0.39449426531791687,0.3039432764053345,0.3553526699542999
两周内,27,0.32138824462890625,0.38857048749923706,0.3355998396873474,0.39449426531791687,0.3039432764053345,0.3553526699542999
三周内,27,0.32138824462890625,0.38857048749923706,0.3355998396873474,0.39449426531791687,0.3039432764053345,0.3553526699542999
四周内,27,0.32138824462890625,0.38857048749923706,0.3355998396873474,0.39449426531791687,0.3039432764053345,0.3553526699542999
五周内,27,0.32138824462890625,0.38857048749923706,0.3355998396873474,0.39449426531791687,0.3039432764053345,0.3553526699542999
六周内,27,0.32138824462890625,0.38857048749923706,0.3355998396873474,0.39449426531791687,0.3039432764053345,0.3553526699542999
一周内,28,0.26861879229545593,0.2608167827129364,0.320770800113678,0.2992396056652069,0.26449713110923767,0.3315044939517975
两周内,28,0.26861879229545593,0.2608167827129364,0.320770800113678,0.2992396056652069,0.26449713110923767,0.3315044939517975
三周内,28,0.26861879229545593,0.2608167827129364,0.320770800113678,0.2992396056652069,0.26449713110923767,0.3315044939517975
四周内,28,0.26861879229545593,0.2608167827129364,0.320770800113678,0.2992396056652069,0.26449713110923767,0.3315044939517975
五周内,28,0.26861879229545593,0.2608167827129364,0.320770800113678,0.2992396056652069,0.26449713110923767,0.3315044939517975
六周内,28,0.26861879229545593,0.2608167827129364,0.320770800113678,0.2992396056652069,0.26449713110923767,0.3315044939517975
一周内,29,0.3273355960845947,0.2556563913822174,0.2326836884021759,0.2759900987148285,0.26246652007102966,0.4149123430252075
两周内,29,0.3273355960845947,0.2556563913822174,0.2326836884021759,0.2759900987148285,0.26246652007102966,0.4149123430252075
三周内,29,0.3273355960845947,0.2556563913822174,0.2326836884021759,0.2759900987148285,0.26246652007102966,0.4149123430252075
四周内,29,0.3273355960845947,0.2556563913822174,0.2326836884021759,0.2759900987148285,0.26246652007102966,0.4149123430252075
五周内,29,0.3273355960845947,0.2556563913822174,0.2326836884021759,0.2759900987148285,0.26246652007102966,0.4149123430252075
六周内,29,0.3273355960845947,0.2556563913822174,0.2326836884021759,0.2759900987148285,0.26246652007102966,0.4149123430252075
一周内,30,0.2047213464975357,0.29083797335624695,0.18144384026527405,0.31292644143104553,0.22973822057247162,0.29789483547210693
两周内,30,0.2047213464975357,0.29083797335624695,0.18144384026527405,0.31292644143104553,0.22973822057247162,0.29789483547210693
三周内,30,0.2047213464975357,0.29083797335624695,0.18144384026527405,0.31292644143104553,0.22973822057247162,0.29789483547210693
四周内,30,0.2047213464975357,0.29083797335624695,0.18144384026527405,0.31292644143104553,0.22973822057247162,0.29789483547210693
五周内,30,0.2047213464975357,0.29083797335624695,0.18144384026527405,0.31292644143104553,0.22973822057247162,0.29789483547210693
六周内,30,0.2047213464975357,0.29083797335624695,0.18144384026527405,0.31292644143104553,0.22973822057247162,0.29789483547210693
一周内,31,0.3141072690486908,0.3011868894100189,0.1487354338169098,0.24961549043655396,0.23385706543922424,0.308828741312027
两周内,31,0.3141072690486908,0.3011868894100189,0.1487354338169098,0.24961549043655396,0.23385706543922424,0.308828741312027
三周内,31,0.3141072690486908,0.3011868894100189,0.1487354338169098,0.24961549043655396,0.23385706543922424,0.308828741312027
四周内,31,0.3141072690486908,0.3011868894100189,0.1487354338169098,0.24961549043655396,0.23385706543922424,0.308828741312027
五周内,31,0.3141072690486908,0.3011868894100189,0.1487354338169098,0.24961549043655396,0.23385706543922424,0.308828741312027
六周内,31,0.3141072690486908,0.3011868894100189,0.1487354338169098,0.24961549043655396,0.23385706543922424,0.308828741312027
一周内,32,0.20518170297145844,0.263835072517395,0.2844207286834717,0.27346116304397583,0.3076438903808594,0.2697230279445648
两周内,32,0.20518170297145844,0.263835072517395,0.2844207286834717,0.27346116304397583,0.3076438903808594,0.2697230279445648
三周内,32,0.20518170297145844,0.263835072517395,0.2844207286834717,0.27346116304397583,0.3076438903808594,0.2697230279445648
四周内,32,0.20518170297145844,0.263835072517395,0.2844207286834717,0.27346116304397583,0.3076438903808594,0.2697230279445648
五周内,32,0.20518170297145844,0.263835072517395,0.2844207286834717,0.27346116304397583,0.3076438903808594,0.2697230279445648
六周内,32,0.20518170297145844,0.263835072517395,0.2844207286834717,0.27346116304397583,0.3076438903808594,0.2697230279445648
一周内,33,0.30138304829597473,0.33598190546035767,0.3517386317253113,0.3444005250930786,0.2867862582206726,0.32801106572151184
两周内,33,0.30138304829597473,0.33598190546035767,0.3517386317253113,0.3444005250930786,0.2867862582206726,0.32801106572151184
三周内,33,0.30138304829597473,0.33598190546035767,0.3517386317253113,0.3444005250930786,0.2867862582206726,0.32801106572151184
四周内,33,0.30138304829597473,0.33598190546035767,0.3517386317253113,0.3444005250930786,0.2867862582206726,0.32801106572151184
五周内,33,0.30138304829597473,0.33598190546035767,0.3517386317253113,0.3444005250930786,0.2867862582206726,0.32801106572151184
六周内,33,0.30138304829597473,0.33598190546035767,0.3517386317253113,0.3444005250930786,0.2867862582206726,0.32801106572151184
一周内,34,0.3141128122806549,0.43274107575416565,0.36985620856285095,0.35104766488075256,0.40840351581573486,0.39186719059944153
两周内,34,0.3141128122806549,0.43274107575416565,0.36985620856285095,0.35104766488075256,0.40840351581573486,0.39186719059944153
三周内,34,0.3141128122806549,0.43274107575416565,0.36985620856285095,0.35104766488075256,0.40840351581573486,0.39186719059944153
四周内,34,0.3141128122806549,0.43274107575416565,0.36985620856285095,0.35104766488075256,0.40840351581573486,0.39186719059944153
五周内,34,0.3141128122806549,0.43274107575416565,0.36985620856285095,0.35104766488075256,0.40840351581573486,0.39186719059944153
六周内,34,0.3141128122806549,0.43274107575416565,0.36985620856285095,0.35104766488075256,0.40840351581573486,0.39186719059944153
一周内,35,0.21776843070983887,0.22157669067382812,0.16152457892894745,0.3248295187950134,0.21802890300750732,0.2571044862270355
两周内,35,0.21776843070983887,0.22157669067382812,0.16152457892894745,0.3248295187950134,0.21802890300750732,0.2571044862270355
三周内,35,0.21776843070983887,0.22157669067382812,0.16152457892894745,0.3248295187950134,0.21802890300750732,0.2571044862270355
四周内,35,0.21776843070983887,0.22157669067382812,0.16152457892894745,0.3248295187950134,0.21802890300750732,0.2571044862270355
五周内,35,0.21776843070983887,0.22157669067382812,0.16152457892894745,0.3248295187950134,0.21802890300750732,0.2571044862270355
六周内,35,0.21776843070983887,0.22157669067382812,0.16152457892894745,0.3248295187950134,0.21802890300750732,0.2571044862270355
一周内,36,0.2806016802787781,0.286010205745697,0.22980719804763794,0.22378557920455933,0.25486138463020325,0.36426404118537903
两周内,36,0.2806016802787781,0.286010205745697,0.22980719804763794,0.22378557920455933,0.25486138463020325,0.36426404118537903
三周内,36,0.2806016802787781,0.286010205745697,0.22980719804763794,0.22378557920455933,0.25486138463020325,0.36426404118537903
四周内,36,0.2806016802787781,0.286010205745697,0.22980719804763794,0.22378557920455933,0.25486138463020325,0.36426404118537903
五周内,36,0.2806016802787781,0.286010205745697,0.22980719804763794,0.22378557920455933,0.25486138463020325,0.36426404118537903
六周内,36,0.2806016802787781,0.286010205745697,0.22980719804763794,0.22378557920455933,0.25486138463020325,0.36426404118537903
一周内,37,0.2573433220386505,0.3523505926132202,0.3399417996406555,0.3793638050556183,0.3022482395172119,0.35143160820007324
两周内,37,0.2573433220386505,0.3523505926132202,0.3399417996406555,0.3793638050556183,0.3022482395172119,0.35143160820007324
三周内,37,0.2573433220386505,0.3523505926132202,0.3399417996406555,0.3793638050556183,0.3022482395172119,0.35143160820007324
四周内,37,0.2573433220386505,0.3523505926132202,0.3399417996406555,0.3793638050556183,0.3022482395172119,0.35143160820007324
五周内,37,0.2573433220386505,0.3523505926132202,0.3399417996406555,0.3793638050556183,0.3022482395172119,0.35143160820007324
六周内,37,0.2573433220386505,0.3523505926132202,0.3399417996406555,0.3793638050556183,0.3022482395172119,0.35143160820007324
一周内,38,0.30680885910987854,0.3681339621543884,0.27891823649406433,0.3164566457271576,0.2653579115867615,0.3586321473121643
两周内,38,0.30680885910987854,0.3681339621543884,0.27891823649406433,0.3164566457271576,0.2653579115867615,0.3586321473121643
三周内,38,0.30680885910987854,0.3681339621543884,0.27891823649406433,0.3164566457271576,0.2653579115867615,0.3586321473121643
四周内,38,0.30680885910987854,0.3681339621543884,0.27891823649406433,0.3164566457271576,0.2653579115867615,0.3586321473121643
五周内,38,0.30680885910987854,0.3681339621543884,0.27891823649406433,0.3164566457271576,0.2653579115867615,0.3586321473121643
六周内,38,0.30680885910987854,0.3681339621543884,0.27891823649406433,0.3164566457271576,0.2653579115867615,0.3586321473121643
一周内,39,0.3814319372177124,0.30887317657470703,0.37656888365745544,0.3634403645992279,0.22389240562915802,0.3908948004245758
两周内,39,0.3814319372177124,0.30887317657470703,0.37656888365745544,0.3634403645992279,0.22389240562915802,0.3908948004245758
三周内,39,0.3814319372177124,0.30887317657470703,0.37656888365745544,0.3634403645992279,0.22389240562915802,0.3908948004245758
四周内,39,0.3814319372177124,0.30887317657470703,0.37656888365745544,0.3634403645992279,0.22389240562915802,0.3908948004245758
五周内,39,0.3814319372177124,0.30887317657470703,0.37656888365745544,0.3634403645992279,0.22389240562915802,0.3908948004245758
六周内,39,0.3814319372177124,0.30887317657470703,0.37656888365745544,0.3634403645992279,0.22389240562915802,0.3908948004245758
一周内,40,0.21757866442203522,0.2824789583683014,0.21655356884002686,0.3070777356624603,0.2127089947462082,0.3004818260669708
两周内,40,0.21757866442203522,0.2824789583683014,0.21655356884002686,0.3070777356624603,0.2127089947462082,0.3004818260669708
三周内,40,0.21757866442203522,0.2824789583683014,0.21655356884002686,0.3070777356624603,0.2127089947462082,0.3004818260669708
四周内,40,0.21757866442203522,0.2824789583683014,0.21655356884002686,0.3070777356624603,0.2127089947462082,0.3004818260669708
五周内,40,0.21757866442203522,0.2824789583683014,0.21655356884002686,0.3070777356624603,0.2127089947462082,0.3004818260669708
六周内,40,0.21757866442203522,0.2824789583683014,0.21655356884002686,0.3070777356624603,0.2127089947462082,0.3004818260669708
一周内,41,0.201193705201149,0.283322811126709,0.20550839602947235,0.30695968866348267,0.22620531916618347,0.31811875104904175
两周内,41,0.201193705201149,0.283322811126709,0.20550839602947235,0.30695968866348267,0.22620531916618347,0.31811875104904175
三周内,41,0.201193705201149,0.283322811126709,0.20550839602947235,0.30695968866348267,0.22620531916618347,0.31811875104904175
四周内,41,0.201193705201149,0.283322811126709,0.20550839602947235,0.30695968866348267,0.22620531916618347,0.31811875104904175
五周内,41,0.201193705201149,0.283322811126709,0.20550839602947235,0.30695968866348267,0.22620531916618347,0.31811875104904175
六周内,41,0.201193705201149,0.283322811126709,0.20550839602947235,0.30695968866348267,0.22620531916618347,0.31811875104904175
一周内,42,0.3739510774612427,0.4113349914550781,0.3422631323337555,0.304089218378067,0.37222233414649963,0.4550662636756897
两周内,42,0.3739510774612427,0.4113349914550781,0.3422631323337555,0.304089218378067,0.37222233414649963,0.4550662636756897
三周内,42,0.3739510774612427,0.4113349914550781,0.3422631323337555,0.304089218378067,0.37222233414649963,0.4550662636756897
四周内,42,0.3739510774612427,0.4113349914550781,0.3422631323337555,0.304089218378067,0.37222233414649963,0.4550662636756897
五周内,42,0.3739510774612427,0.4113349914550781,0.3422631323337555,0.304089218378067,0.37222233414649963,0.4550662636756897
六周内,42,0.3739510774612427,0.4113349914550781,0.3422631323337555,0.304089218378067,0.37222233414649963,0.4550662636756897
一周内,43,0.3547344207763672,0.4029633700847626,0.31108951568603516,0.3684574365615845,0.3346805274486542,0.38034501671791077
两周内,43,0.3547344207763672,0.4029633700847626,0.31108951568603516,0.3684574365615845,0.3346805274486542,0.38034501671791077
三周内,43,0.3547344207763672,0.4029633700847626,0.31108951568603516,0.3684574365615845,0.3346805274486542,0.38034501671791077
四周内,43,0.3547344207763672,0.4029633700847626,0.31108951568603516,0.3684574365615845,0.3346805274486542,0.38034501671791077
五周内,43,0.3547344207763672,0.4029633700847626,0.31108951568603516,0.3684574365615845,0.3346805274486542,0.38034501671791077
六周内,43,0.3547344207763672,0.4029633700847626,0.31108951568603516,0.3684574365615845,0.3346805274486542,0.38034501671791077
一周内,44,0.2365751415491104,0.3484596908092499,0.3369172513484955,0.2627108693122864,0.1818934679031372,0.34496790170669556
两周内,44,0.2365751415491104,0.3484596908092499,0.3369172513484955,0.2627108693122864,0.1818934679031372,0.34496790170669556
三周内,44,0.2365751415491104,0.3484596908092499,0.3369172513484955,0.2627108693122864,0.1818934679031372,0.34496790170669556
四周内,44,0.2365751415491104,0.3484596908092499,0.3369172513484955,0.2627108693122864,0.1818934679031372,0.34496790170669556
五周内,44,0.2365751415491104,0.3484596908092499,0.3369172513484955,0.2627108693122864,0.1818934679031372,0.34496790170669556
六周内,44,0.2365751415491104,0.3484596908092499,0.3369172513484955,0.2627108693122864,0.1818934679031372,0.34496790170669556
一周内,45,0.23693500459194183,0.2540396749973297,0.2909836173057556,0.2956544756889343,0.3344607353210449,0.29280468821525574
两周内,45,0.23693500459194183,0.2540396749973297,0.2909836173057556,0.2956544756889343,0.3344607353210449,0.29280468821525574
三周内,45,0.23693500459194183,0.2540396749973297,0.2909836173057556,0.2956544756889343,0.3344607353210449,0.29280468821525574
四周内,45,0.23693500459194183,0.2540396749973297,0.2909836173057556,0.2956544756889343,0.3344607353210449,0.29280468821525574
五周内,45,0.23693500459194183,0.2540396749973297,0.2909836173057556,0.2956544756889343,0.3344607353210449,0.29280468821525574
六周内,45,0.23693500459194183,0.2540396749973297,0.2909836173057556,0.2956544756889343,0.3344607353210449,0.29280468821525574
一周内,46,0.13868114352226257,0.17806200683116913,0.1530912220478058,0.24027958512306213,0.20315420627593994,0.2775731384754181
两周内,46,0.13868114352226257,0.17806200683116913,0.1530912220478058,0.24027958512306213,0.20315420627593994,0.2775731384754181
三周内,46,0.13868114352226257,0.17806200683116913,0.1530912220478058,0.24027958512306213,0.20315420627593994,0.2775731384754181
四周内,46,0.13868114352226257,0.17806200683116913,0.1530912220478058,0.24027958512306213,0.20315420627593994,0.2775731384754181
五周内,46,0.13868114352226257,0.17806200683116913,0.1530912220478058,0.24027958512306213,0.20315420627593994,0.2775731384754181
六周内,46,0.13868114352226257,0.17806200683116913,0.1530912220478058,0.24027958512306213,0.20315420627593994,0.2775731384754181
一周内,47,0.32831916213035583,0.38542935252189636,0.36674973368644714,0.33425217866897583,0.32515445351600647,0.38604897260665894
两周内,47,0.32831916213035583,0.38542935252189636,0.36674973368644714,0.33425217866897583,0.32515445351600647,0.38604897260665894
三周内,47,0.32831916213035583,0.38542935252189636,0.36674973368644714,0.33425217866897583,0.32515445351600647,0.38604897260665894
四周内,47,0.32831916213035583,0.38542935252189636,0.36674973368644714,0.33425217866897583,0.32515445351600647,0.38604897260665894
五周内,47,0.32831916213035583,0.38542935252189636,0.36674973368644714,0.33425217866897583,0.32515445351600647,0.38604897260665894
六周内,47,0.32831916213035583,0.38542935252189636,0.36674973368644714,0.33425217866897583,0.32515445351600647,0.38604897260665894
一周内,48,0.21666745841503143,0.3863833546638489,0.3085302710533142,0.24412716925144196,0.23536942899227142,0.3568263351917267
两周内,48,0.21666745841503143,0.3863833546638489,0.3085302710533142,0.24412716925144196,0.23536942899227142,0.3568263351917267
三周内,48,0.21666745841503143,0.3863833546638489,0.3085302710533142,0.24412716925144196,0.23536942899227142,0.3568263351917267
四周内,48,0.21666745841503143,0.3863833546638489,0.3085302710533142,0.24412716925144196,0.23536942899227142,0.3568263351917267
五周内,48,0.21666745841503143,0.3863833546638489,0.3085302710533142,0.24412716925144196,0.23536942899227142,0.3568263351917267
六周内,48,0.21666745841503143,0.3863833546638489,0.3085302710533142,0.24412716925144196,0.23536942899227142,0.3568263351917267
一周内,49,0.14619195461273193,0.2063922882080078,0.23250573873519897,0.2650603652000427,0.1934720128774643,0.21692994236946106
两周内,49,0.14619195461273193,0.2063922882080078,0.23250573873519897,0.2650603652000427,0.1934720128774643,0.21692994236946106
三周内,49,0.14619195461273193,0.2063922882080078,0.23250573873519897,0.2650603652000427,0.1934720128774643,0.21692994236946106
四周内,49,0.14619195461273193,0.2063922882080078,0.23250573873519897,0.2650603652000427,0.1934720128774643,0.21692994236946106
五周内,49,0.14619195461273193,0.2063922882080078,0.23250573873519897,0.2650603652000427,0.1934720128774643,0.21692994236946106
六周内,49,0.14619195461273193,0.2063922882080078,0.23250573873519897,0.2650603652000427,0.1934720128774643,0.21692994236946106
一周内,50,0.31532764434814453,0.3554365932941437,0.2619013786315918,0.2881986200809479,0.3409237861633301,0.441616028547287
两周内,50,0.31532764434814453,0.3554365932941437,0.2619013786315918,0.2881986200809479,0.3409237861633301,0.441616028547287
三周内,50,0.31532764434814453,0.3554365932941437,0.2619013786315918,0.2881986200809479,0.3409237861633301,0.441616028547287
四周内,50,0.31532764434814453,0.3554365932941437,0.2619013786315918,0.2881986200809479,0.3409237861633301,0.441616028547287
五周内,50,0.31532764434814453,0.3554365932941437,0.2619013786315918,0.2881986200809479,0.3409237861633301,0.441616028547287
六周内,50,0.31532764434814453,0.3554365932941437,0.2619013786315918,0.2881986200809479,0.3409237861633301,0.441616028547287
一周内,51,0.3227097988128662,0.32286158204078674,0.28831225633621216,0.2619639039039612,0.27266108989715576,0.4464462995529175
两周内,51,0.3227097988128662,0.32286158204078674,0.28831225633621216,0.2619639039039612,0.27266108989715576,0.4464462995529175
三周内,51,0.3227097988128662,0.32286158204078674,0.28831225633621216,0.2619639039039612,0.27266108989715576,0.4464462995529175
四周内,51,0.3227097988128662,0.32286158204078674,0.28831225633621216,0.2619639039039612,0.27266108989715576,0.4464462995529175
五周内,51,0.3227097988128662,0.32286158204078674,0.28831225633621216,0.2619639039039612,0.27266108989715576,0.4464462995529175
六周内,51,0.3227097988128662,0.32286158204078674,0.28831225633621216,0.2619639039039612,0.27266108989715576,0.4464462995529175
一周内,52,0.27855902910232544,0.26356473565101624,0.18497587740421295,0.2369149774312973,0.2704000473022461,0.41033852100372314
两周内,52,0.27855902910232544,0.26356473565101624,0.18497587740421295,0.2369149774312973,0.2704000473022461,0.41033852100372314
三周内,52,0.27855902910232544,0.26356473565101624,0.18497587740421295,0.2369149774312973,0.2704000473022461,0.41033852100372314
四周内,52,0.27855902910232544,0.26356473565101624,0.18497587740421295,0.2369149774312973,0.2704000473022461,0.41033852100372314
五周内,52,0.27855902910232544,0.26356473565101624,0.18497587740421295,0.2369149774312973,0.2704000473022461,0.41033852100372314
六周内,52,0.27855902910232544,0.26356473565101624,0.18497587740421295,0.2369149774312973,0.2704000473022461,0.41033852100372314
一周内,53,0.2892911434173584,0.25789108872413635,0.28440093994140625,0.39200738072395325,0.23755839467048645,0.2541233003139496
两周内,53,0.2892911434173584,0.25789108872413635,0.28440093994140625,0.39200738072395325,0.23755839467048645,0.2541233003139496
三周内,53,0.2892911434173584,0.25789108872413635,0.28440093994140625,0.39200738072395325,0.23755839467048645,0.2541233003139496
四周内,53,0.2892911434173584,0.25789108872413635,0.28440093994140625,0.39200738072395325,0.23755839467048645,0.2541233003139496
五周内,53,0.2892911434173584,0.25789108872413635,0.28440093994140625,0.39200738072395325,0.23755839467048645,0.2541233003139496
六周内,53,0.2892911434173584,0.25789108872413635,0.28440093994140625,0.39200738072395325,0.23755839467048645,0.2541233003139496
一周内,54,0.27249875664711,0.23140333592891693,0.24144487082958221,0.35525625944137573,0.21390464901924133,0.33362895250320435
两周内,54,0.27249875664711,0.23140333592891693,0.24144487082958221,0.35525625944137573,0.21390464901924133,0.33362895250320435
三周内,54,0.27249875664711,0.23140333592891693,0.24144487082958221,0.35525625944137573,0.21390464901924133,0.33362895250320435
四周内,54,0.27249875664711,0.23140333592891693,0.24144487082958221,0.35525625944137573,0.21390464901924133,0.33362895250320435
五周内,54,0.27249875664711,0.23140333592891693,0.24144487082958221,0.35525625944137573,0.21390464901924133,0.33362895250320435
六周内,54,0.27249875664711,0.23140333592891693,0.24144487082958221,0.35525625944137573,0.21390464901924133,0.33362895250320435
一周内,55,0.21904495358467102,0.22332307696342468,0.2143799066543579,0.31649166345596313,0.22501413524150848,0.27987632155418396
两周内,55,0.21904495358467102,0.22332307696342468,0.2143799066543579,0.31649166345596313,0.22501413524150848,0.27987632155418396
三周内,55,0.21904495358467102,0.22332307696342468,0.2143799066543579,0.31649166345596313,0.22501413524150848,0.27987632155418396
四周内,55,0.21904495358467102,0.22332307696342468,0.2143799066543579,0.31649166345596313,0.22501413524150848,0.27987632155418396
五周内,55,0.21904495358467102,0.22332307696342468,0.2143799066543579,0.31649166345596313,0.22501413524150848,0.27987632155418396
六周内,55,0.21904495358467102,0.22332307696342468,0.2143799066543579,0.31649166345596313,0.22501413524150848,0.27987632155418396
一周内,56,0.25748932361602783,0.35819128155708313,0.2695528566837311,0.3511386811733246,0.21554921567440033,0.30989789962768555
两周内,56,0.25748932361602783,0.35819128155708313,0.2695528566837311,0.3511386811733246,0.21554921567440033,0.30989789962768555
三周内,56,0.25748932361602783,0.35819128155708313,0.2695528566837311,0.3511386811733246,0.21554921567440033,0.30989789962768555
四周内,56,0.25748932361602783,0.35819128155708313,0.2695528566837311,0.3511386811733246,0.21554921567440033,0.30989789962768555
五周内,56,0.25748932361602783,0.35819128155708313,0.2695528566837311,0.3511386811733246,0.21554921567440033,0.30989789962768555
六周内,56,0.25748932361602783,0.35819128155708313,0.2695528566837311,0.3511386811733246,0.21554921567440033,0.30989789962768555
一周内,57,0.3178709149360657,0.3030521273612976,0.22865882515907288,0.2547891438007355,0.28352922201156616,0.38801729679107666
两周内,57,0.3178709149360657,0.3030521273612976,0.22865882515907288,0.2547891438007355,0.28352922201156616,0.38801729679107666
三周内,57,0.3178709149360657,0.3030521273612976,0.22865882515907288,0.2547891438007355,0.28352922201156616,0.38801729679107666
四周内,57,0.3178709149360657,0.3030521273612976,0.22865882515907288,0.2547891438007355,0.28352922201156616,0.38801729679107666
五周内,57,0.3178709149360657,0.3030521273612976,0.22865882515907288,0.2547891438007355,0.28352922201156616,0.38801729679107666
六周内,57,0.3178709149360657,0.3030521273612976,0.22865882515907288,0.2547891438007355,0.28352922201156616,0.38801729679107666
一周内,58,0.27694278955459595,0.3359842598438263,0.3248631954193115,0.36964166164398193,0.33614763617515564,0.3164063096046448
两周内,58,0.27694278955459595,0.3359842598438263,0.3248631954193115,0.36964166164398193,0.33614763617515564,0.3164063096046448
三周内,58,0.27694278955459595,0.3359842598438263,0.3248631954193115,0.36964166164398193,0.33614763617515564,0.3164063096046448
四周内,58,0.27694278955459595,0.3359842598438263,0.3248631954193115,0.36964166164398193,0.33614763617515564,0.3164063096046448
五周内,58,0.27694278955459595,0.3359842598438263,0.3248631954193115,0.36964166164398193,0.33614763617515564,0.3164063096046448
六周内,58,0.27694278955459595,0.3359842598438263,0.3248631954193115,0.36964166164398193,0.33614763617515564,0.3164063096046448
一周内,59,0.17060136795043945,0.2632847726345062,0.233035609126091,0.30040356516838074,0.16280299425125122,0.2932474911212921
两周内,59,0.17060136795043945,0.2632847726345062,0.233035609126091,0.30040356516838074,0.16280299425125122,0.2932474911212921
三周内,59,0.17060136795043945,0.2632847726345062,0.233035609126091,0.30040356516838074,0.16280299425125122,0.2932474911212921
四周内,59,0.17060136795043945,0.2632847726345062,0.233035609126091,0.30040356516838074,0.16280299425125122,0.2932474911212921
五周内,59,0.17060136795043945,0.2632847726345062,0.233035609126091,0.30040356516838074,0.16280299425125122,0.2932474911212921
六周内,59,0.17060136795043945,0.2632847726345062,0.233035609126091,0.30040356516838074,0.16280299425125122,0.2932474911212921
一周内,60,0.1439862847328186,0.24946150183677673,0.1819334626197815,0.30853474140167236,0.18143390119075775,0.27029234170913696
两周内,60,0.1439862847328186,0.24946150183677673,0.1819334626197815,0.30853474140167236,0.18143390119075775,0.27029234170913696
三周内,60,0.1439862847328186,0.24946150183677673,0.1819334626197815,0.30853474140167236,0.18143390119075775,0.27029234170913696
四周内,60,0.1439862847328186,0.24946150183677673,0.1819334626197815,0.30853474140167236,0.18143390119075775,0.27029234170913696
五周内,60,0.1439862847328186,0.24946150183677673,0.1819334626197815,0.30853474140167236,0.18143390119075775,0.27029234170913696
六周内,60,0.1439862847328186,0.24946150183677673,0.1819334626197815,0.30853474140167236,0.18143390119075775,0.27029234170913696
一周内,61,0.18426334857940674,0.23558370769023895,0.2955110967159271,0.35421866178512573,0.23470118641853333,0.24287109076976776
两周内,61,0.18426334857940674,0.23558370769023895,0.2955110967159271,0.35421866178512573,0.23470118641853333,0.24287109076976776
三周内,61,0.18426334857940674,0.23558370769023895,0.2955110967159271,0.35421866178512573,0.23470118641853333,0.24287109076976776
四周内,61,0.18426334857940674,0.23558370769023895,0.2955110967159271,0.35421866178512573,0.23470118641853333,0.24287109076976776
五周内,61,0.18426334857940674,0.23558370769023895,0.2955110967159271,0.35421866178512573,0.23470118641853333,0.24287109076976776
六周内,61,0.18426334857940674,0.23558370769023895,0.2955110967159271,0.35421866178512573,0.23470118641853333,0.24287109076976776
一周内,62,0.32304662466049194,0.4175836741924286,0.38129380345344543,0.3180631995201111,0.33684971928596497,0.4481995105743408
两周内,62,0.32304662466049194,0.4175836741924286,0.38129380345344543,0.3180631995201111,0.33684971928596497,0.4481995105743408
三周内,62,0.32304662466049194,0.4175836741924286,0.38129380345344543,0.3180631995201111,0.33684971928596497,0.4481995105743408
四周内,62,0.32304662466049194,0.4175836741924286,0.38129380345344543,0.3180631995201111,0.33684971928596497,0.4481995105743408
五周内,62,0.32304662466049194,0.4175836741924286,0.38129380345344543,0.3180631995201111,0.33684971928596497,0.4481995105743408
六周内,62,0.32304662466049194,0.4175836741924286,0.38129380345344543,0.3180631995201111,0.33684971928596497,0.4481995105743408
一周内,63,0.31996288895606995,0.3609011769294739,0.3385797441005707,0.3357193171977997,0.3154129385948181,0.38156941533088684
两周内,63,0.31996288895606995,0.3609011769294739,0.3385797441005707,0.3357193171977997,0.3154129385948181,0.38156941533088684
三周内,63,0.31996288895606995,0.3609011769294739,0.3385797441005707,0.3357193171977997,0.3154129385948181,0.38156941533088684
四周内,63,0.31996288895606995,0.3609011769294739,0.3385797441005707,0.3357193171977997,0.3154129385948181,0.38156941533088684
五周内,63,0.31996288895606995,0.3609011769294739,0.3385797441005707,0.3357193171977997,0.3154129385948181,0.38156941533088684
六周内,63,0.31996288895606995,0.3609011769294739,0.3385797441005707,0.3357193171977997,0.3154129385948181,0.38156941533088684
一周内,64,0.32048743963241577,0.3120582103729248,0.19480401277542114,0.34514153003692627,0.28612419962882996,0.3451661169528961
两周内,64,0.32048743963241577,0.3120582103729248,0.19480401277542114,0.34514153003692627,0.28612419962882996,0.3451661169528961
三周内,64,0.32048743963241577,0.3120582103729248,0.19480401277542114,0.34514153003692627,0.28612419962882996,0.3451661169528961
四周内,64,0.32048743963241577,0.3120582103729248,0.19480401277542114,0.34514153003692627,0.28612419962882996,0.3451661169528961
五周内,64,0.32048743963241577,0.3120582103729248,0.19480401277542114,0.34514153003692627,0.28612419962882996,0.3451661169528961
六周内,64,0.32048743963241577,0.3120582103729248,0.19480401277542114,0.34514153003692627,0.28612419962882996,0.3451661169528961
一周内,65,0.32889389991760254,0.38402068614959717,0.4024791717529297,0.3163556158542633,0.2913731634616852,0.4000982642173767
两周内,65,0.32889389991760254,0.38402068614959717,0.4024791717529297,0.3163556158542633,0.2913731634616852,0.4000982642173767
三周内,65,0.32889389991760254,0.38402068614959717,0.4024791717529297,0.3163556158542633,0.2913731634616852,0.4000982642173767
四周内,65,0.32889389991760254,0.38402068614959717,0.4024791717529297,0.3163556158542633,0.2913731634616852,0.4000982642173767
五周内,65,0.32889389991760254,0.38402068614959717,0.4024791717529297,0.3163556158542633,0.2913731634616852,0.4000982642173767
六周内,65,0.32889389991760254,0.38402068614959717,0.4024791717529297,0.3163556158542633,0.2913731634616852,0.4000982642173767
一周内,66,0.2552889287471771,0.2618263065814972,0.18121597170829773,0.3012596368789673,0.2526733875274658,0.35507163405418396
两周内,66,0.2552889287471771,0.2618263065814972,0.18121597170829773,0.3012596368789673,0.2526733875274658,0.35507163405418396
三周内,66,0.2552889287471771,0.2618263065814972,0.18121597170829773,0.3012596368789673,0.2526733875274658,0.35507163405418396
四周内,66,0.2552889287471771,0.2618263065814972,0.18121597170829773,0.3012596368789673,0.2526733875274658,0.35507163405418396
五周内,66,0.2552889287471771,0.2618263065814972,0.18121597170829773,0.3012596368789673,0.2526733875274658,0.35507163405418396
六周内,66,0.2552889287471771,0.2618263065814972,0.18121597170829773,0.3012596368789673,0.2526733875274658,0.35507163405418396
一周内,67,0.3260918855667114,0.306490033864975,0.22888091206550598,0.2978508174419403,0.23607373237609863,0.30883610248565674
两周内,67,0.3260918855667114,0.306490033864975,0.22888091206550598,0.2978508174419403,0.23607373237609863,0.30883610248565674
三周内,67,0.3260918855667114,0.306490033864975,0.22888091206550598,0.2978508174419403,0.23607373237609863,0.30883610248565674
四周内,67,0.3260918855667114,0.306490033864975,0.22888091206550598,0.2978508174419403,0.23607373237609863,0.30883610248565674
五周内,67,0.3260918855667114,0.306490033864975,0.22888091206550598,0.2978508174419403,0.23607373237609863,0.30883610248565674
六周内,67,0.3260918855667114,0.306490033864975,0.22888091206550598,0.2978508174419403,0.23607373237609863,0.30883610248565674
一周内,68,0.33137041330337524,0.40699663758277893,0.32857391238212585,0.3345514237880707,0.4079376459121704,0.42994144558906555
两周内,68,0.33137041330337524,0.40699663758277893,0.32857391238212585,0.3345514237880707,0.4079376459121704,0.42994144558906555
三周内,68,0.33137041330337524,0.40699663758277893,0.32857391238212585,0.3345514237880707,0.4079376459121704,0.42994144558906555
四周内,68,0.33137041330337524,0.40699663758277893,0.32857391238212585,0.3345514237880707,0.4079376459121704,0.42994144558906555
五周内,68,0.33137041330337524,0.40699663758277893,0.32857391238212585,0.3345514237880707,0.4079376459121704,0.42994144558906555
六周内,68,0.33137041330337524,0.40699663758277893,0.32857391238212585,0.3345514237880707,0.4079376459121704,0.42994144558906555
一周内,69,0.3248666524887085,0.3555630147457123,0.34426113963127136,0.3462725579738617,0.3655872941017151,0.40683019161224365
两周内,69,0.3248666524887085,0.3555630147457123,0.34426113963127136,0.3462725579738617,0.3655872941017151,0.40683019161224365
三周内,69,0.3248666524887085,0.3555630147457123,0.34426113963127136,0.3462725579738617,0.3655872941017151,0.40683019161224365
四周内,69,0.3248666524887085,0.3555630147457123,0.34426113963127136,0.3462725579738617,0.3655872941017151,0.40683019161224365
五周内,69,0.3248666524887085,0.3555630147457123,0.34426113963127136,0.3462725579738617,0.3655872941017151,0.40683019161224365
六周内,69,0.3248666524887085,0.3555630147457123,0.34426113963127136,0.3462725579738617,0.3655872941017151,0.40683019161224365
一周内,70,0.211040198802948,0.24420887231826782,0.1842142641544342,0.2630007565021515,0.24717514216899872,0.3650844395160675
两周内,70,0.211040198802948,0.24420887231826782,0.1842142641544342,0.2630007565021515,0.24717514216899872,0.3650844395160675
三周内,70,0.211040198802948,0.24420887231826782,0.1842142641544342,0.2630007565021515,0.24717514216899872,0.3650844395160675
四周内,70,0.211040198802948,0.24420887231826782,0.1842142641544342,0.2630007565021515,0.24717514216899872,0.3650844395160675
五周内,70,0.211040198802948,0.24420887231826782,0.1842142641544342,0.2630007565021515,0.24717514216899872,0.3650844395160675
六周内,70,0.211040198802948,0.24420887231826782,0.1842142641544342,0.2630007565021515,0.24717514216899872,0.3650844395160675
一周内,71,0.29709067940711975,0.25001686811447144,0.3318553864955902,0.3662077486515045,0.24570830166339874,0.29238495230674744
两周内,71,0.29709067940711975,0.25001686811447144,0.3318553864955902,0.3662077486515045,0.24570830166339874,0.29238495230674744
三周内,71,0.29709067940711975,0.25001686811447144,0.3318553864955902,0.3662077486515045,0.24570830166339874,0.29238495230674744
四周内,71,0.29709067940711975,0.25001686811447144,0.3318553864955902,0.3662077486515045,0.24570830166339874,0.29238495230674744
五周内,71,0.29709067940711975,0.25001686811447144,0.3318553864955902,0.3662077486515045,0.24570830166339874,0.29238495230674744
六周内,71,0.29709067940711975,0.25001686811447144,0.3318553864955902,0.3662077486515045,0.24570830166339874,0.29238495230674744
一周内,72,0.28997936844825745,0.3482140302658081,0.3633747696876526,0.36146312952041626,0.33170127868652344,0.3481898605823517
两周内,72,0.28997936844825745,0.3482140302658081,0.3633747696876526,0.36146312952041626,0.33170127868652344,0.3481898605823517
三周内,72,0.28997936844825745,0.3482140302658081,0.3633747696876526,0.36146312952041626,0.33170127868652344,0.3481898605823517
四周内,72,0.28997936844825745,0.3482140302658081,0.3633747696876526,0.36146312952041626,0.33170127868652344,0.3481898605823517
五周内,72,0.28997936844825745,0.3482140302658081,0.3633747696876526,0.36146312952041626,0.33170127868652344,0.3481898605823517
六周内,72,0.28997936844825745,0.3482140302658081,0.3633747696876526,0.36146312952041626,0.33170127868652344,0.3481898605823517
一周内,73,0.40347328782081604,0.3641737997531891,0.39305752515792847,0.40264463424682617,0.3148690164089203,0.3681727647781372
两周内,73,0.40347328782081604,0.3641737997531891,0.39305752515792847,0.40264463424682617,0.3148690164089203,0.3681727647781372
三周内,73,0.40347328782081604,0.3641737997531891,0.39305752515792847,0.40264463424682617,0.3148690164089203,0.3681727647781372
四周内,73,0.40347328782081604,0.3641737997531891,0.39305752515792847,0.40264463424682617,0.3148690164089203,0.3681727647781372
五周内,73,0.40347328782081604,0.3641737997531891,0.39305752515792847,0.40264463424682617,0.3148690164089203,0.3681727647781372
六周内,73,0.40347328782081604,0.3641737997531891,0.39305752515792847,0.40264463424682617,0.3148690164089203,0.3681727647781372
一周内,74,0.21769651770591736,0.23581157624721527,0.26977410912513733,0.36523813009262085,0.2995612919330597,0.30711647868156433
两周内,74,0.21769651770591736,0.23581157624721527,0.26977410912513733,0.36523813009262085,0.2995612919330597,0.30711647868156433
三周内,74,0.21769651770591736,0.23581157624721527,0.26977410912513733,0.36523813009262085,0.2995612919330597,0.30711647868156433
四周内,74,0.21769651770591736,0.23581157624721527,0.26977410912513733,0.36523813009262085,0.2995612919330597,0.30711647868156433
五周内,74,0.21769651770591736,0.23581157624721527,0.26977410912513733,0.36523813009262085,0.2995612919330597,0.30711647868156433
六周内,74,0.21769651770591736,0.23581157624721527,0.26977410912513733,0.36523813009262085,0.2995612919330597,0.30711647868156433
一周内,75,0.36511388421058655,0.256135493516922,0.23530887067317963,0.25396591424942017,0.2550894320011139,0.4345276355743408
两周内,75,0.36511388421058655,0.256135493516922,0.23530887067317963,0.25396591424942017,0.2550894320011139,0.4345276355743408
三周内,75,0.36511388421058655,0.256135493516922,0.23530887067317963,0.25396591424942017,0.2550894320011139,0.4345276355743408
四周内,75,0.36511388421058655,0.256135493516922,0.23530887067317963,0.25396591424942017,0.2550894320011139,0.4345276355743408
五周内,75,0.36511388421058655,0.256135493516922,0.23530887067317963,0.25396591424942017,0.2550894320011139,0.4345276355743408
六周内,75,0.36511388421058655,0.256135493516922,0.23530887067317963,0.25396591424942017,0.2550894320011139,0.4345276355743408
一周内,76,0.23306749761104584,0.19561050832271576,0.28624171018600464,0.2918931245803833,0.24017435312271118,0.37923771142959595
两周内,76,0.23306749761104584,0.19561050832271576,0.28624171018600464,0.2918931245803833,0.24017435312271118,0.37923771142959595
三周内,76,0.23306749761104584,0.19561050832271576,0.28624171018600464,0.2918931245803833,0.24017435312271118,0.37923771142959595
四周内,76,0.23306749761104584,0.19561050832271576,0.28624171018600464,0.2918931245803833,0.24017435312271118,0.37923771142959595
五周内,76,0.23306749761104584,0.19561050832271576,0.28624171018600464,0.2918931245803833,0.24017435312271118,0.37923771142959595
六周内,76,0.23306749761104584,0.19561050832271576,0.28624171018600464,0.2918931245803833,0.24017435312271118,0.37923771142959595
一周内,77,0.2409202754497528,0.2778414785861969,0.22311162948608398,0.3093000054359436,0.1534898430109024,0.334115594625473
两周内,77,0.2409202754497528,0.2778414785861969,0.22311162948608398,0.3093000054359436,0.1534898430109024,0.334115594625473
三周内,77,0.2409202754497528,0.2778414785861969,0.22311162948608398,0.3093000054359436,0.1534898430109024,0.334115594625473
四周内,77,0.2409202754497528,0.2778414785861969,0.22311162948608398,0.3093000054359436,0.1534898430109024,0.334115594625473
五周内,77,0.2409202754497528,0.2778414785861969,0.22311162948608398,0.3093000054359436,0.1534898430109024,0.334115594625473
六周内,77,0.2409202754497528,0.2778414785861969,0.22311162948608398,0.3093000054359436,0.1534898430109024,0.334115594625473
一周内,78,0.3592205047607422,0.3229305148124695,0.23300503194332123,0.32777729630470276,0.28567954897880554,0.3844482898712158
两周内,78,0.3592205047607422,0.3229305148124695,0.23300503194332123,0.32777729630470276,0.28567954897880554,0.3844482898712158
三周内,78,0.3592205047607422,0.3229305148124695,0.23300503194332123,0.32777729630470276,0.28567954897880554,0.3844482898712158
四周内,78,0.3592205047607422,0.3229305148124695,0.23300503194332123,0.32777729630470276,0.28567954897880554,0.3844482898712158
五周内,78,0.3592205047607422,0.3229305148124695,0.23300503194332123,0.32777729630470276,0.28567954897880554,0.3844482898712158
六周内,78,0.3592205047607422,0.3229305148124695,0.23300503194332123,0.32777729630470276,0.28567954897880554,0.3844482898712158
一周内,79,0.22486507892608643,0.31844642758369446,0.3191366493701935,0.29389557242393494,0.24508172273635864,0.3562920391559601
两周内,79,0.22486507892608643,0.31844642758369446,0.3191366493701935,0.29389557242393494,0.24508172273635864,0.3562920391559601
三周内,79,0.22486507892608643,0.31844642758369446,0.3191366493701935,0.29389557242393494,0.24508172273635864,0.3562920391559601
四周内,79,0.22486507892608643,0.31844642758369446,0.3191366493701935,0.29389557242393494,0.24508172273635864,0.3562920391559601
五周内,79,0.22486507892608643,0.31844642758369446,0.3191366493701935,0.29389557242393494,0.24508172273635864,0.3562920391559601
六周内,79,0.22486507892608643,0.31844642758369446,0.3191366493701935,0.29389557242393494,0.24508172273635864,0.3562920391559601
一周内,80,0.21848683059215546,0.313671737909317,0.2738403379917145,0.33929580450057983,0.2856488525867462,0.28447771072387695
两周内,80,0.21848683059215546,0.313671737909317,0.2738403379917145,0.33929580450057983,0.2856488525867462,0.28447771072387695
三周内,80,0.21848683059215546,0.313671737909317,0.2738403379917145,0.33929580450057983,0.2856488525867462,0.28447771072387695
四周内,80,0.21848683059215546,0.313671737909317,0.2738403379917145,0.33929580450057983,0.2856488525867462,0.28447771072387695
五周内,80,0.21848683059215546,0.313671737909317,0.2738403379917145,0.33929580450057983,0.2856488525867462,0.28447771072387695
六周内,80,0.21848683059215546,0.313671737909317,0.2738403379917145,0.33929580450057983,0.2856488525867462,0.28447771072387695
一周内,81,0.35022738575935364,0.4764728844165802,0.35358381271362305,0.3234938979148865,0.41969186067581177,0.4698507487773895
两周内,81,0.35022738575935364,0.4764728844165802,0.35358381271362305,0.3234938979148865,0.41969186067581177,0.4698507487773895
三周内,81,0.35022738575935364,0.4764728844165802,0.35358381271362305,0.3234938979148865,0.41969186067581177,0.4698507487773895
四周内,81,0.35022738575935364,0.4764728844165802,0.35358381271362305,0.3234938979148865,0.41969186067581177,0.4698507487773895
五周内,81,0.35022738575935364,0.4764728844165802,0.35358381271362305,0.3234938979148865,0.41969186067581177,0.4698507487773895
六周内,81,0.35022738575935364,0.4764728844165802,0.35358381271362305,0.3234938979148865,0.41969186067581177,0.4698507487773895
一周内,82,0.25998222827911377,0.3062966763973236,0.2984248399734497,0.26051315665245056,0.3162681758403778,0.40447166562080383
两周内,82,0.25998222827911377,0.3062966763973236,0.2984248399734497,0.26051315665245056,0.3162681758403778,0.40447166562080383
三周内,82,0.25998222827911377,0.3062966763973236,0.2984248399734497,0.26051315665245056,0.3162681758403778,0.40447166562080383
四周内,82,0.25998222827911377,0.3062966763973236,0.2984248399734497,0.26051315665245056,0.3162681758403778,0.40447166562080383
五周内,82,0.25998222827911377,0.3062966763973236,0.2984248399734497,0.26051315665245056,0.3162681758403778,0.40447166562080383
六周内,82,0.25998222827911377,0.3062966763973236,0.2984248399734497,0.26051315665245056,0.3162681758403778,0.40447166562080383
一周内,83,0.19614653289318085,0.2742697596549988,0.2705118656158447,0.28198617696762085,0.26665300130844116,0.34875231981277466
两周内,83,0.19614653289318085,0.2742697596549988,0.2705118656158447,0.28198617696762085,0.26665300130844116,0.34875231981277466
三周内,83,0.19614653289318085,0.2742697596549988,0.2705118656158447,0.28198617696762085,0.26665300130844116,0.34875231981277466
四周内,83,0.19614653289318085,0.2742697596549988,0.2705118656158447,0.28198617696762085,0.26665300130844116,0.34875231981277466
五周内,83,0.19614653289318085,0.2742697596549988,0.2705118656158447,0.28198617696762085,0.26665300130844116,0.34875231981277466
六周内,83,0.19614653289318085,0.2742697596549988,0.2705118656158447,0.28198617696762085,0.26665300130844116,0.34875231981277466
一周内,84,0.2882956266403198,0.4343545734882355,0.2966771125793457,0.25417715311050415,0.2659609615802765,0.4065050184726715
两周内,84,0.2882956266403198,0.4343545734882355,0.2966771125793457,0.25417715311050415,0.2659609615802765,0.4065050184726715
三周内,84,0.2882956266403198,0.4343545734882355,0.2966771125793457,0.25417715311050415,0.2659609615802765,0.4065050184726715
四周内,84,0.2882956266403198,0.4343545734882355,0.2966771125793457,0.25417715311050415,0.2659609615802765,0.4065050184726715
五周内,84,0.2882956266403198,0.4343545734882355,0.2966771125793457,0.25417715311050415,0.2659609615802765,0.4065050184726715
六周内,84,0.2882956266403198,0.4343545734882355,0.2966771125793457,0.25417715311050415,0.2659609615802765,0.4065050184726715
一周内,85,0.3264244496822357,0.37579426169395447,0.3068080544471741,0.31089162826538086,0.3178856372833252,0.44415828585624695
两周内,85,0.3264244496822357,0.37579426169395447,0.3068080544471741,0.31089162826538086,0.3178856372833252,0.44415828585624695
三周内,85,0.3264244496822357,0.37579426169395447,0.3068080544471741,0.31089162826538086,0.3178856372833252,0.44415828585624695
四周内,85,0.3264244496822357,0.37579426169395447,0.3068080544471741,0.31089162826538086,0.3178856372833252,0.44415828585624695
五周内,85,0.3264244496822357,0.37579426169395447,0.3068080544471741,0.31089162826538086,0.3178856372833252,0.44415828585624695
六周内,85,0.3264244496822357,0.37579426169395447,0.3068080544471741,0.31089162826538086,0.3178856372833252,0.44415828585624695
一周内,86,0.2523672878742218,0.2848317623138428,0.28548476099967957,0.3432442545890808,0.29470470547676086,0.35181060433387756
两周内,86,0.2523672878742218,0.2848317623138428,0.28548476099967957,0.3432442545890808,0.29470470547676086,0.35181060433387756
三周内,86,0.2523672878742218,0.2848317623138428,0.28548476099967957,0.3432442545890808,0.29470470547676086,0.35181060433387756
四周内,86,0.2523672878742218,0.2848317623138428,0.28548476099967957,0.3432442545890808,0.29470470547676086,0.35181060433387756
五周内,86,0.2523672878742218,0.2848317623138428,0.28548476099967957,0.3432442545890808,0.29470470547676086,0.35181060433387756
六周内,86,0.2523672878742218,0.2848317623138428,0.28548476099967957,0.3432442545890808,0.29470470547676086,0.35181060433387756
一周内,87,0.359931081533432,0.34285834431648254,0.33458366990089417,0.284113347530365,0.31537729501724243,0.33850452303886414
两周内,87,0.359931081533432,0.34285834431648254,0.33458366990089417,0.284113347530365,0.31537729501724243,0.33850452303886414
三周内,87,0.359931081533432,0.34285834431648254,0.33458366990089417,0.284113347530365,0.31537729501724243,0.33850452303886414
四周内,87,0.359931081533432,0.34285834431648254,0.33458366990089417,0.284113347530365,0.31537729501724243,0.33850452303886414
五周内,87,0.359931081533432,0.34285834431648254,0.33458366990089417,0.284113347530365,0.31537729501724243,0.33850452303886414
六周内,87,0.359931081533432,0.34285834431648254,0.33458366990089417,0.284113347530365,0.31537729501724243,0.33850452303886414
一周内,88,0.31661731004714966,0.3918406665325165,0.3192417025566101,0.3601608872413635,0.3268435001373291,0.38728052377700806
两周内,88,0.31661731004714966,0.3918406665325165,0.3192417025566101,0.3601608872413635,0.3268435001373291,0.38728052377700806
三周内,88,0.31661731004714966,0.3918406665325165,0.3192417025566101,0.3601608872413635,0.3268435001373291,0.38728052377700806
四周内,88,0.31661731004714966,0.3918406665325165,0.3192417025566101,0.3601608872413635,0.3268435001373291,0.38728052377700806
五周内,88,0.31661731004714966,0.3918406665325165,0.3192417025566101,0.3601608872413635,0.3268435001373291,0.38728052377700806
六周内,88,0.31661731004714966,0.3918406665325165,0.3192417025566101,0.3601608872413635,0.3268435001373291,0.38728052377700806
一周内,89,0.19187098741531372,0.3563031256198883,0.2999945282936096,0.21916204690933228,0.21131545305252075,0.3873533606529236
两周内,89,0.19187098741531372,0.3563031256198883,0.2999945282936096,0.21916204690933228,0.21131545305252075,0.3873533606529236
三周内,89,0.19187098741531372,0.3563031256198883,0.2999945282936096,0.21916204690933228,0.21131545305252075,0.3873533606529236
四周内,89,0.19187098741531372,0.3563031256198883,0.2999945282936096,0.21916204690933228,0.21131545305252075,0.3873533606529236
五周内,89,0.19187098741531372,0.3563031256198883,0.2999945282936096,0.21916204690933228,0.21131545305252075,0.3873533606529236
六周内,89,0.19187098741531372,0.3563031256198883,0.2999945282936096,0.21916204690933228,0.21131545305252075,0.3873533606529236
一周内,90,0.32243186235427856,0.26041045784950256,0.28941676020622253,0.2721391022205353,0.24905438721179962,0.3271879553794861
两周内,90,0.32243186235427856,0.26041045784950256,0.28941676020622253,0.2721391022205353,0.24905438721179962,0.3271879553794861
三周内,90,0.32243186235427856,0.26041045784950256,0.28941676020622253,0.2721391022205353,0.24905438721179962,0.3271879553794861
四周内,90,0.32243186235427856,0.26041045784950256,0.28941676020622253,0.2721391022205353,0.24905438721179962,0.3271879553794861
五周内,90,0.32243186235427856,0.26041045784950256,0.28941676020622253,0.2721391022205353,0.24905438721179962,0.3271879553794861
六周内,90,0.32243186235427856,0.26041045784950256,0.28941676020622253,0.2721391022205353,0.24905438721179962,0.3271879553794861
一周内,91,0.30419638752937317,0.30335676670074463,0.29327133297920227,0.33330339193344116,0.239458367228508,0.33324405550956726
两周内,91,0.30419638752937317,0.30335676670074463,0.29327133297920227,0.33330339193344116,0.239458367228508,0.33324405550956726
三周内,91,0.30419638752937317,0.30335676670074463,0.29327133297920227,0.33330339193344116,0.239458367228508,0.33324405550956726
四周内,91,0.30419638752937317,0.30335676670074463,0.29327133297920227,0.33330339193344116,0.239458367228508,0.33324405550956726
五周内,91,0.30419638752937317,0.30335676670074463,0.29327133297920227,0.33330339193344116,0.239458367228508,0.33324405550956726
六周内,91,0.30419638752937317,0.30335676670074463,0.29327133297920227,0.33330339193344116,0.239458367228508,0.33324405550956726
一周内,92,0.27037313580513,0.36516258120536804,0.3846220076084137,0.32112663984298706,0.3137364089488983,0.3326592445373535
两周内,92,0.27037313580513,0.36516258120536804,0.3846220076084137,0.32112663984298706,0.3137364089488983,0.3326592445373535
三周内,92,0.27037313580513,0.36516258120536804,0.3846220076084137,0.32112663984298706,0.3137364089488983,0.3326592445373535
四周内,92,0.27037313580513,0.36516258120536804,0.3846220076084137,0.32112663984298706,0.3137364089488983,0.3326592445373535
五周内,92,0.27037313580513,0.36516258120536804,0.3846220076084137,0.32112663984298706,0.3137364089488983,0.3326592445373535
六周内,92,0.27037313580513,0.36516258120536804,0.3846220076084137,0.32112663984298706,0.3137364089488983,0.3326592445373535
一周内,93,0.3445511758327484,0.31745395064353943,0.3051984906196594,0.23101435601711273,0.2877710461616516,0.4278346002101898
两周内,93,0.3445511758327484,0.31745395064353943,0.3051984906196594,0.23101435601711273,0.2877710461616516,0.4278346002101898
三周内,93,0.3445511758327484,0.31745395064353943,0.3051984906196594,0.23101435601711273,0.2877710461616516,0.4278346002101898
四周内,93,0.3445511758327484,0.31745395064353943,0.3051984906196594,0.23101435601711273,0.2877710461616516,0.4278346002101898
五周内,93,0.3445511758327484,0.31745395064353943,0.3051984906196594,0.23101435601711273,0.2877710461616516,0.4278346002101898
六周内,93,0.3445511758327484,0.31745395064353943,0.3051984906196594,0.23101435601711273,0.2877710461616516,0.4278346002101898
一周内,94,0.3007223308086395,0.33624547719955444,0.20757637917995453,0.33000147342681885,0.3038939833641052,0.41251155734062195
两周内,94,0.3007223308086395,0.33624547719955444,0.20757637917995453,0.33000147342681885,0.3038939833641052,0.41251155734062195
三周内,94,0.3007223308086395,0.33624547719955444,0.20757637917995453,0.33000147342681885,0.3038939833641052,0.41251155734062195
四周内,94,0.3007223308086395,0.33624547719955444,0.20757637917995453,0.33000147342681885,0.3038939833641052,0.41251155734062195
五周内,94,0.3007223308086395,0.33624547719955444,0.20757637917995453,0.33000147342681885,0.3038939833641052,0.41251155734062195
六周内,94,0.3007223308086395,0.33624547719955444,0.20757637917995453,0.33000147342681885,0.3038939833641052,0.41251155734062195
一周内,95,0.31734326481819153,0.2612740099430084,0.3495405912399292,0.3292483389377594,0.19138534367084503,0.3070286214351654
两周内,95,0.31734326481819153,0.2612740099430084,0.3495405912399292,0.3292483389377594,0.19138534367084503,0.3070286214351654
三周内,95,0.31734326481819153,0.2612740099430084,0.3495405912399292,0.3292483389377594,0.19138534367084503,0.3070286214351654
四周内,95,0.31734326481819153,0.2612740099430084,0.3495405912399292,0.3292483389377594,0.19138534367084503,0.3070286214351654
五周内,95,0.31734326481819153,0.2612740099430084,0.3495405912399292,0.3292483389377594,0.19138534367084503,0.3070286214351654
六周内,95,0.31734326481819153,0.2612740099430084,0.3495405912399292,0.3292483389377594,0.19138534367084503,0.3070286214351654
一周内,96,0.3350979685783386,0.3299439251422882,0.34230664372444153,0.34705695509910583,0.2622731924057007,0.3674694895744324
两周内,96,0.3350979685783386,0.3299439251422882,0.34230664372444153,0.34705695509910583,0.2622731924057007,0.3674694895744324
三周内,96,0.3350979685783386,0.3299439251422882,0.34230664372444153,0.34705695509910583,0.2622731924057007,0.3674694895744324
四周内,96,0.3350979685783386,0.3299439251422882,0.34230664372444153,0.34705695509910583,0.2622731924057007,0.3674694895744324
五周内,96,0.3350979685783386,0.3299439251422882,0.34230664372444153,0.34705695509910583,0.2622731924057007,0.3674694895744324
六周内,96,0.3350979685783386,0.3299439251422882,0.34230664372444153,0.34705695509910583,0.2622731924057007,0.3674694895744324
一周内,97,0.2954491674900055,0.3587181270122528,0.2256346195936203,0.2538143992424011,0.30538439750671387,0.40202781558036804
两周内,97,0.2954491674900055,0.3587181270122528,0.2256346195936203,0.2538143992424011,0.30538439750671387,0.40202781558036804
三周内,97,0.2954491674900055,0.3587181270122528,0.2256346195936203,0.2538143992424011,0.30538439750671387,0.40202781558036804
四周内,97,0.2954491674900055,0.3587181270122528,0.2256346195936203,0.2538143992424011,0.30538439750671387,0.40202781558036804
五周内,97,0.2954491674900055,0.3587181270122528,0.2256346195936203,0.2538143992424011,0.30538439750671387,0.40202781558036804
六周内,97,0.2954491674900055,0.3587181270122528,0.2256346195936203,0.2538143992424011,0.30538439750671387,0.40202781558036804
一周内,98,0.2593594789505005,0.20467132329940796,0.1808367818593979,0.31198421120643616,0.23558397591114044,0.26914820075035095
两周内,98,0.2593594789505005,0.20467132329940796,0.1808367818593979,0.31198421120643616,0.23558397591114044,0.26914820075035095
三周内,98,0.2593594789505005,0.20467132329940796,0.1808367818593979,0.31198421120643616,0.23558397591114044,0.26914820075035095
四周内,98,0.2593594789505005,0.20467132329940796,0.1808367818593979,0.31198421120643616,0.23558397591114044,0.26914820075035095
五周内,98,0.2593594789505005,0.20467132329940796,0.1808367818593979,0.31198421120643616,0.23558397591114044,0.26914820075035095
六周内,98,0.2593594789505005,0.20467132329940796,0.1808367818593979,0.31198421120643616,0.23558397591114044,0.26914820075035095
一周内,99,0.2702169716358185,0.22886861860752106,0.1556718796491623,0.20388689637184143,0.23732808232307434,0.3834066689014435
两周内,99,0.2702169716358185,0.22886861860752106,0.1556718796491623,0.20388689637184143,0.23732808232307434,0.3834066689014435
三周内,99,0.2702169716358185,0.22886861860752106,0.1556718796491623,0.20388689637184143,0.23732808232307434,0.3834066689014435
四周内,99,0.2702169716358185,0.22886861860752106,0.1556718796491623,0.20388689637184143,0.23732808232307434,0.3834066689014435
五周内,99,0.2702169716358185,0.22886861860752106,0.1556718796491623,0.20388689637184143,0.23732808232307434,0.3834066689014435
六周内,99,0.2702169716358185,0.22886861860752106,0.1556718796491623,0.20388689637184143,0.23732808232307434,0.3834066689014435
